Customer_ID,Amount_Due,Days_Overdue,Credit_Score,Past_Defaults,Calls_Made,Assigned_Agency,Recovery_Probability,Target_Paid
CUST_0000,122958,226,819,1,19,Beta Recovery,0.6000000000000001,0
CUST_0001,147867,351,326,0,14,Gamma Legal,0.01,0
CUST_0002,132932,324,498,1,15,Alpha Collections,0.01,0
CUST_0003,366838,292,686,0,12,Gamma Legal,0.3,1
CUST_0004,260178,186,648,1,16,Gamma Legal,0.3,0
CUST_0005,120879,107,835,0,7,None,0.8,1
CUST_0006,111268,114,677,0,1,Alpha Collections,0.5,0
CUST_0007,208892,108,826,0,4,Gamma Legal,0.8,1
CUST_0008,55886,320,452,0,5,Gamma Legal,0.01,0
CUST_0009,138337,15,505,0,11,Alpha Collections,0.5,0
CUST_0010,476602,206,754,0,17,None,0.6000000000000001,0
CUST_0011,431410,360,572,0,0,Gamma Legal,0.3,0
CUST_0012,88498,142,535,0,16,Beta Recovery,0.5,1
CUST_0013,375871,268,820,2,10,Gamma Legal,0.6000000000000001,0
CUST_0014,389468,32,800,0,9,Beta Recovery,0.8,1
CUST_0015,176203,62,416,0,18,None,0.2,0
CUST_0016,192335,174,685,1,13,Gamma Legal,0.5,0
CUST_0017,279167,211,643,0,9,Alpha Collections,0.3,1
CUST_0018,42090,92,694,0,14,Alpha Collections,0.5,1
CUST_0019,330365,154,363,2,18,Gamma Legal,0.2,1
CUST_0020,65820,94,371,2,3,None,0.2,0
CUST_0021,263913,87,573,0,1,None,0.5,0
CUST_0022,322879,10,619,0,8,Alpha Collections,0.5,0
CUST_0023,195027,60,637,5,9,Gamma Legal,0.3,1
CUST_0024,328069,182,665,1,10,None,0.3,0
CUST_0025,253709,214,794,0,13,Alpha Collections,0.6000000000000001,0
CUST_0026,200041,269,465,2,6,Beta Recovery,0.01,0
CUST_0027,268455,297,843,0,14,Gamma Legal,0.6000000000000001,1
CUST_0028,104355,43,310,0,18,Beta Recovery,0.2,0
CUST_0029,236796,357,600,0,14,Beta Recovery,0.3,0
CUST_0030,215176,104,401,1,7,None,0.2,0
CUST_0031,185779,81,724,0,10,None,0.5,0
CUST_0032,348449,48,691,1,8,None,0.5,1
CUST_0033,422909,163,513,0,14,Gamma Legal,0.5,0
CUST_0034,466148,259,387,0,0,Beta Recovery,0.01,0
CUST_0035,259795,171,700,0,0,Gamma Legal,0.5,0
CUST_0036,487232,127,345,1,18,None,0.2,0
CUST_0037,393752,268,762,0,2,Beta Recovery,0.6000000000000001,1
CUST_0038,157730,315,609,0,9,Gamma Legal,0.3,1
CUST_0039,347622,277,385,2,7,Gamma Legal,0.01,0
CUST_0040,385681,63,391,0,14,Alpha Collections,0.2,0
CUST_0041,150503,245,541,4,9,Gamma Legal,0.09999999999999998,0
CUST_0042,131523,231,301,0,0,None,0.01,0
CUST_0043,3747,260,524,1,17,Gamma Legal,0.3,0
CUST_0044,124855,322,415,0,1,Beta Recovery,0.01,0
CUST_0045,453366,121,402,3,18,Gamma Legal,0.01,0
CUST_0046,66725,264,493,0,12,Alpha Collections,0.01,0
CUST_0047,130981,312,465,0,0,Beta Recovery,0.01,0
CUST_0048,85654,216,389,0,1,Beta Recovery,0.01,0
CUST_0049,429989,238,421,0,15,Alpha Collections,0.01,0
CUST_0050,382490,350,442,0,14,None,0.01,0
CUST_0051,68435,75,405,3,12,Beta Recovery,0.01,0
CUST_0052,320030,84,727,0,15,None,0.5,0
CUST_0053,329947,112,604,1,16,Beta Recovery,0.5,0
CUST_0054,32551,201,616,1,6,Beta Recovery,0.3,0
CUST_0055,379360,261,308,1,16,None,0.01,0
CUST_0056,274538,235,372,0,6,Beta Recovery,0.01,0
CUST_0057,332236,303,658,0,12,None,0.3,0
CUST_0058,4890,315,522,1,4,Alpha Collections,0.3,1
CUST_0059,42606,107,715,4,16,None,0.3,0
CUST_0060,490492,347,669,0,2,Alpha Collections,0.3,0
CUST_0061,257840,295,563,0,6,Beta Recovery,0.3,0
CUST_0062,474254,344,617,0,16,None,0.3,1
CUST_0063,350457,356,383,5,6,Beta Recovery,0.01,0
CUST_0064,142699,317,617,0,0,None,0.3,1
CUST_0065,271936,258,410,0,16,Alpha Collections,0.01,0
CUST_0066,240931,175,550,2,16,Alpha Collections,0.5,1
CUST_0067,240629,344,682,0,10,None,0.3,0
CUST_0068,206041,39,306,0,2,Alpha Collections,0.2,0
CUST_0069,175073,256,758,1,14,Beta Recovery,0.6000000000000001,1
CUST_0070,208624,115,383,3,10,Beta Recovery,0.01,0
CUST_0071,418113,60,507,0,15,Gamma Legal,0.5,0
CUST_0072,69148,90,689,0,8,Alpha Collections,0.5,0
CUST_0073,253801,142,613,0,0,Beta Recovery,0.5,1
CUST_0074,125243,294,321,0,15,None,0.01,0
CUST_0075,252995,147,709,1,8,Alpha Collections,0.5,0
CUST_0076,383318,193,814,0,18,Beta Recovery,0.6000000000000001,0
CUST_0077,155555,339,426,0,11,Alpha Collections,0.01,0
CUST_0078,387502,282,313,0,18,None,0.01,0
CUST_0079,49555,349,311,0,8,Beta Recovery,0.01,0
CUST_0080,257508,78,386,0,6,Gamma Legal,0.2,0
CUST_0081,280303,43,823,2,13,Gamma Legal,0.8,1
CUST_0082,373654,271,836,0,18,Alpha Collections,0.6000000000000001,1
CUST_0083,107530,62,600,2,18,None,0.5,0
CUST_0084,81077,214,542,2,1,Beta Recovery,0.3,0
CUST_0085,299064,135,421,0,8,None,0.2,1
CUST_0086,486283,244,446,0,12,Beta Recovery,0.01,0
CUST_0087,461337,52,655,0,14,Alpha Collections,0.5,1
CUST_0088,201551,249,608,0,2,Beta Recovery,0.3,0
CUST_0089,483691,120,587,0,10,None,0.5,0
CUST_0090,282601,258,606,0,13,None,0.3,0
CUST_0091,460773,160,848,0,7,Alpha Collections,0.8,0
CUST_0092,209261,192,651,2,17,None,0.3,0
CUST_0093,241181,345,611,0,18,Beta Recovery,0.3,0
CUST_0094,342097,104,358,2,15,Alpha Collections,0.2,1
CUST_0095,316139,17,334,0,1,Beta Recovery,0.2,0
CUST_0096,172829,193,744,2,7,None,0.3,0
CUST_0097,272836,290,392,0,5,Alpha Collections,0.01,0
CUST_0098,439974,204,506,0,11,Beta Recovery,0.3,1
CUST_0099,466625,361,652,1,14,None,0.3,0
CUST_0100,203283,204,631,0,7,None,0.3,1
CUST_0101,197769,164,458,0,3,Gamma Legal,0.2,1
CUST_0102,38065,102,323,3,14,None,0.01,0
CUST_0103,224165,169,703,0,19,Beta Recovery,0.5,1
CUST_0104,100299,70,815,0,16,Alpha Collections,0.8,0
CUST_0105,426822,131,663,1,12,Gamma Legal,0.5,1
CUST_0106,12534,60,681,2,17,None,0.5,1
CUST_0107,488879,286,831,1,1,None,0.6000000000000001,0
CUST_0108,41397,14,451,0,12,None,0.2,0
CUST_0109,258750,101,719,1,12,Beta Recovery,0.5,1
CUST_0110,354531,179,549,0,14,Gamma Legal,0.5,0
CUST_0111,264160,326,416,1,19,Beta Recovery,0.01,0
CUST_0112,484005,31,811,4,9,Gamma Legal,0.6000000000000001,0
CUST_0113,56591,335,634,1,2,Alpha Collections,0.3,0
CUST_0114,221884,10,717,2,18,Beta Recovery,0.5,0
CUST_0115,24247,142,594,0,2,Beta Recovery,0.5,0
CUST_0116,25300,242,670,1,13,Alpha Collections,0.3,0
CUST_0117,468281,21,485,2,7,Gamma Legal,0.2,1
CUST_0118,83798,355,545,0,3,None,0.3,0
CUST_0119,10268,55,567,2,19,Alpha Collections,0.5,0
CUST_0120,349951,43,536,0,10,None,0.5,0
CUST_0121,275329,87,829,1,10,None,0.8,1
CUST_0122,195776,227,320,2,10,Alpha Collections,0.01,0
CUST_0123,218851,310,819,1,1,Gamma Legal,0.6000000000000001,0
CUST_0124,433315,82,399,0,16,None,0.2,1
CUST_0125,402787,291,777,0,8,Alpha Collections,0.6000000000000001,1
CUST_0126,237584,258,597,0,1,Beta Recovery,0.3,0
CUST_0127,39044,56,825,3,14,Beta Recovery,0.6000000000000001,1
CUST_0128,314358,130,633,0,15,Beta Recovery,0.5,0
CUST_0129,455444,223,301,0,3,Alpha Collections,0.01,0
CUST_0130,377896,248,674,1,7,Beta Recovery,0.3,0
CUST_0131,49984,65,592,0,8,None,0.5,1
CUST_0132,303918,359,617,1,4,Beta Recovery,0.3,1
CUST_0133,265712,116,801,1,15,Beta Recovery,0.8,0
CUST_0134,121151,328,680,2,12,None,0.3,1
CUST_0135,456808,57,313,0,6,Beta Recovery,0.2,0
CUST_0136,461779,70,803,0,19,None,0.8,1
CUST_0137,134767,346,530,0,16,Beta Recovery,0.3,1
CUST_0138,125375,35,383,0,2,None,0.2,1
CUST_0139,180262,301,429,0,4,Beta Recovery,0.01,0
CUST_0140,137330,266,444,0,18,None,0.01,0
CUST_0141,481754,17,327,1,11,Alpha Collections,0.2,0
CUST_0142,302648,122,365,1,6,None,0.2,0
CUST_0143,165231,364,462,0,8,Beta Recovery,0.01,0
CUST_0144,14986,262,528,2,5,Beta Recovery,0.3,0
CUST_0145,62858,189,560,5,16,Gamma Legal,0.09999999999999998,0
CUST_0146,130312,216,748,2,15,None,0.3,0
CUST_0147,13666,312,723,1,2,Alpha Collections,0.3,0
CUST_0148,301804,136,759,0,3,None,0.8,1
CUST_0149,135633,65,600,0,9,None,0.5,1
CUST_0150,289998,223,602,0,4,Alpha Collections,0.3,0
CUST_0151,327649,23,586,0,9,None,0.5,1
CUST_0152,105488,37,694,3,11,Alpha Collections,0.3,1
CUST_0153,184323,87,309,2,9,Alpha Collections,0.2,0
CUST_0154,285806,225,569,0,12,None,0.3,0
CUST_0155,271536,163,660,0,10,None,0.5,1
CUST_0156,31535,23,556,2,15,Beta Recovery,0.5,1
CUST_0157,472819,196,432,0,7,Beta Recovery,0.01,0
CUST_0158,376713,321,575,0,7,Gamma Legal,0.3,1
CUST_0159,315400,16,812,2,7,Gamma Legal,0.8,0
CUST_0160,352279,12,612,0,12,None,0.5,0
CUST_0161,390622,120,583,0,1,Alpha Collections,0.5,1
CUST_0162,298366,247,420,0,11,Gamma Legal,0.01,0
CUST_0163,78373,248,406,2,9,None,0.01,0
CUST_0164,473791,283,503,0,11,Gamma Legal,0.3,0
CUST_0165,124684,303,464,0,10,Alpha Collections,0.01,0
CUST_0166,490570,236,604,0,14,None,0.3,0
CUST_0167,478867,24,796,0,15,Alpha Collections,0.8,1
CUST_0168,457551,201,455,0,16,None,0.01,0
CUST_0169,274109,128,666,1,1,Gamma Legal,0.5,1
CUST_0170,25538,37,550,0,17,Beta Recovery,0.5,0
CUST_0171,371210,211,633,2,11,Gamma Legal,0.3,0
CUST_0172,202664,48,810,0,18,Gamma Legal,0.8,1
CUST_0173,492234,282,592,0,17,Beta Recovery,0.3,1
CUST_0174,376396,240,319,0,16,Beta Recovery,0.01,0
CUST_0175,140182,95,581,0,5,None,0.5,1
CUST_0176,473525,135,300,0,14,None,0.2,1
CUST_0177,159338,309,418,0,2,Alpha Collections,0.01,0
CUST_0178,185064,34,334,0,5,Alpha Collections,0.2,0
CUST_0179,215020,154,497,1,2,Gamma Legal,0.2,0
CUST_0180,99806,22,784,0,0,Beta Recovery,0.8,1
CUST_0181,401126,221,358,1,12,Alpha Collections,0.01,0
CUST_0182,374133,34,460,3,13,Gamma Legal,0.01,0
CUST_0183,91982,77,505,0,12,Beta Recovery,0.5,0
CUST_0184,122626,76,311,0,3,None,0.2,0
CUST_0185,120176,242,789,0,6,Gamma Legal,0.6000000000000001,1
CUST_0186,394422,118,575,0,9,None,0.5,1
CUST_0187,219126,155,541,0,6,Alpha Collections,0.5,0
CUST_0188,219969,120,515,1,14,Alpha Collections,0.5,1
CUST_0189,123409,237,550,0,14,Beta Recovery,0.3,0
CUST_0190,24419,120,425,0,3,Gamma Legal,0.2,0
CUST_0191,444852,43,516,2,5,None,0.5,0
CUST_0192,254618,120,605,0,19,Beta Recovery,0.5,1
CUST_0193,246310,273,484,2,4,Alpha Collections,0.01,0
CUST_0194,51015,245,338,0,19,Alpha Collections,0.01,0
CUST_0195,249550,92,522,0,11,Gamma Legal,0.5,1
CUST_0196,123096,51,483,0,0,None,0.2,1
CUST_0197,108059,110,794,0,7,Gamma Legal,0.8,1
CUST_0198,186340,15,726,4,0,None,0.3,1
CUST_0199,111687,189,477,0,4,None,0.01,0
CUST_0200,351083,291,727,4,5,Gamma Legal,0.09999999999999998,0
CUST_0201,412357,329,593,0,2,Beta Recovery,0.3,0
CUST_0202,212428,235,450,0,14,Gamma Legal,0.01,0
CUST_0203,106878,324,683,0,4,Gamma Legal,0.3,0
CUST_0204,203982,238,607,0,13,Alpha Collections,0.3,0
CUST_0205,450260,298,635,3,17,Alpha Collections,0.09999999999999998,0
CUST_0206,199286,159,674,0,15,Gamma Legal,0.5,0
CUST_0207,250002,286,307,0,5,Gamma Legal,0.01,1
CUST_0208,251396,207,640,0,13,Alpha Collections,0.3,0
CUST_0209,165899,79,428,0,7,None,0.2,0
CUST_0210,450036,121,651,0,6,Gamma Legal,0.5,0
CUST_0211,325767,13,657,0,7,Beta Recovery,0.5,1
CUST_0212,475950,359,816,2,12,Beta Recovery,0.6000000000000001,0
CUST_0213,338594,340,794,0,5,Beta Recovery,0.6000000000000001,0
CUST_0214,356570,327,385,0,17,Gamma Legal,0.01,0
CUST_0215,380989,359,474,0,1,None,0.01,0
CUST_0216,416515,104,492,0,7,None,0.2,0
CUST_0217,44585,161,610,5,10,Alpha Collections,0.3,0
CUST_0218,372369,320,418,0,0,Gamma Legal,0.01,0
CUST_0219,65044,146,517,0,5,None,0.5,0
CUST_0220,436773,256,726,1,15,Gamma Legal,0.3,0
CUST_0221,443296,252,713,0,19,Alpha Collections,0.3,1
CUST_0222,110556,40,413,0,11,Alpha Collections,0.2,0
CUST_0223,3693,49,444,4,10,Alpha Collections,0.01,0
CUST_0224,489219,238,837,1,9,Beta Recovery,0.6000000000000001,0
CUST_0225,358403,45,602,5,2,Gamma Legal,0.3,0
CUST_0226,244307,232,644,0,12,Alpha Collections,0.3,0
CUST_0227,201235,15,300,0,2,Gamma Legal,0.2,1
CUST_0228,26939,331,446,0,14,Beta Recovery,0.01,0
CUST_0229,443141,229,586,0,15,Beta Recovery,0.3,1
CUST_0230,437157,84,352,2,12,Alpha Collections,0.2,0
CUST_0231,153906,13,603,0,16,Alpha Collections,0.5,1
CUST_0232,19047,344,368,2,2,None,0.01,0
CUST_0233,289249,143,660,1,19,Gamma Legal,0.5,0
CUST_0234,76766,127,519,0,10,Alpha Collections,0.5,1
CUST_0235,409923,103,460,0,18,None,0.2,0
CUST_0236,416192,71,388,1,10,Gamma Legal,0.2,0
CUST_0237,45262,203,458,0,15,Alpha Collections,0.01,0
CUST_0238,388261,344,788,2,2,None,0.6000000000000001,0
CUST_0239,286920,212,623,0,5,None,0.3,0
CUST_0240,162152,35,680,0,13,Gamma Legal,0.5,1
CUST_0241,129376,182,401,0,17,None,0.01,0
CUST_0242,461058,309,793,5,16,Gamma Legal,0.4000000000000001,0
CUST_0243,455589,142,318,0,3,Gamma Legal,0.2,1
CUST_0244,138848,335,753,2,14,Gamma Legal,0.6000000000000001,1
CUST_0245,93787,127,781,0,10,Beta Recovery,0.8,1
CUST_0246,128948,333,696,1,2,None,0.3,0
CUST_0247,56016,284,578,1,2,Gamma Legal,0.3,1
CUST_0248,403690,221,664,0,15,Alpha Collections,0.3,0
CUST_0249,452269,234,630,0,4,Beta Recovery,0.3,1
CUST_0250,22959,29,643,1,9,Beta Recovery,0.5,0
CUST_0251,137602,122,754,0,18,None,0.8,1
CUST_0252,226928,149,364,1,3,Gamma Legal,0.2,1
CUST_0253,382245,56,375,0,18,None,0.2,0
CUST_0254,266892,10,442,2,10,Beta Recovery,0.2,1
CUST_0255,229576,99,772,1,1,Gamma Legal,0.8,0
CUST_0256,492314,151,716,3,9,Alpha Collections,0.3,0
CUST_0257,14545,329,604,0,10,Gamma Legal,0.3,1
CUST_0258,390803,47,796,0,19,Beta Recovery,0.8,0
CUST_0259,460415,302,590,0,15,Alpha Collections,0.3,1
CUST_0260,166838,148,401,0,18,Gamma Legal,0.2,0
CUST_0261,336674,342,566,0,10,Alpha Collections,0.3,1
CUST_0262,356701,268,302,0,13,Alpha Collections,0.01,0
CUST_0263,62087,170,384,1,1,Beta Recovery,0.2,1
CUST_0264,490055,187,627,0,4,Alpha Collections,0.3,0
CUST_0265,69840,19,749,0,4,None,0.5,0
CUST_0266,119451,270,753,1,18,Beta Recovery,0.6000000000000001,0
CUST_0267,448600,147,520,0,11,None,0.5,0
CUST_0268,314149,181,453,0,17,Alpha Collections,0.01,0
CUST_0269,440792,22,311,4,3,None,0.01,0
CUST_0270,40353,177,432,3,16,Gamma Legal,0.01,0
CUST_0271,194075,139,603,0,9,Alpha Collections,0.5,1
CUST_0272,215283,93,592,0,19,Gamma Legal,0.5,1
CUST_0273,315877,330,599,1,5,None,0.3,0
CUST_0274,66318,328,342,0,13,Gamma Legal,0.01,0
CUST_0275,242025,110,642,0,10,Alpha Collections,0.5,0
CUST_0276,483690,338,625,0,10,Gamma Legal,0.3,1
CUST_0277,417880,282,797,0,17,None,0.6000000000000001,0
CUST_0278,68172,274,663,0,17,None,0.3,1
CUST_0279,217688,47,726,0,10,None,0.5,1
CUST_0280,257951,103,320,1,11,Alpha Collections,0.2,0
CUST_0281,94264,104,706,3,4,None,0.3,0
CUST_0282,247458,314,635,0,8,Alpha Collections,0.3,0
CUST_0283,289880,78,416,1,8,Gamma Legal,0.2,0
CUST_0284,226281,327,423,2,9,None,0.01,0
CUST_0285,497257,245,698,0,18,Gamma Legal,0.3,0
CUST_0286,113859,343,350,0,0,Beta Recovery,0.01,0
CUST_0287,375325,146,623,1,6,Gamma Legal,0.5,1
CUST_0288,395070,85,440,0,3,Beta Recovery,0.2,0
CUST_0289,353228,44,769,2,0,Gamma Legal,0.8,1
CUST_0290,432839,10,633,0,14,Alpha Collections,0.5,1
CUST_0291,270536,305,672,5,7,Gamma Legal,0.09999999999999998,0
CUST_0292,318824,329,793,0,11,Alpha Collections,0.6000000000000001,0
CUST_0293,258426,69,838,0,17,Alpha Collections,0.8,1
CUST_0294,178789,329,455,1,14,None,0.01,0
CUST_0295,219164,358,590,0,16,Alpha Collections,0.3,1
CUST_0296,314003,337,443,0,13,Beta Recovery,0.01,0
CUST_0297,126657,276,405,0,13,None,0.01,0
CUST_0298,236167,238,719,0,17,None,0.3,1
CUST_0299,158381,279,301,0,19,Gamma Legal,0.01,0
CUST_0300,481671,325,389,4,17,Alpha Collections,0.01,0
CUST_0301,195806,295,644,0,15,Alpha Collections,0.3,0
CUST_0302,71467,300,649,1,0,Beta Recovery,0.3,0
CUST_0303,184734,222,758,1,10,Gamma Legal,0.6000000000000001,0
CUST_0304,99506,174,562,3,14,Gamma Legal,0.3,0
CUST_0305,110751,14,650,0,11,None,0.5,0
CUST_0306,382050,348,407,2,7,None,0.01,0
CUST_0307,406904,87,338,0,19,None,0.2,1
CUST_0308,288486,71,458,1,5,Beta Recovery,0.2,0
CUST_0309,169229,141,611,1,2,Beta Recovery,0.5,0
CUST_0310,462079,98,540,2,12,None,0.5,0
CUST_0311,369452,246,744,0,12,Gamma Legal,0.3,0
CUST_0312,446299,51,597,1,1,Beta Recovery,0.5,0
CUST_0313,107081,98,335,0,4,Gamma Legal,0.2,1
CUST_0314,459949,305,383,1,16,Gamma Legal,0.01,0
CUST_0315,90045,337,751,5,5,Alpha Collections,0.4000000000000001,1
CUST_0316,35698,304,684,0,1,None,0.3,0
CUST_0317,111078,113,471,5,3,Alpha Collections,0.01,0
CUST_0318,343767,23,675,0,10,None,0.5,1
CUST_0319,23671,297,661,0,7,None,0.3,0
CUST_0320,419400,188,440,0,11,Gamma Legal,0.01,0
CUST_0321,356528,134,417,0,7,None,0.2,0
CUST_0322,436323,362,576,1,10,Gamma Legal,0.3,1
CUST_0323,87202,32,519,0,19,Gamma Legal,0.5,1
CUST_0324,52663,72,325,0,7,None,0.2,0
CUST_0325,16708,152,820,3,7,Gamma Legal,0.6000000000000001,1
CUST_0326,355050,162,309,2,16,Gamma Legal,0.2,0
CUST_0327,312955,154,677,2,19,Gamma Legal,0.5,0
CUST_0328,134883,234,451,2,19,Beta Recovery,0.01,0
CUST_0329,319394,318,348,1,15,Gamma Legal,0.01,0
CUST_0330,113547,113,453,0,13,Beta Recovery,0.2,0
CUST_0331,466298,113,592,0,10,Beta Recovery,0.5,1
CUST_0332,387393,48,349,1,6,Gamma Legal,0.2,0
CUST_0333,35754,207,830,0,15,Gamma Legal,0.6000000000000001,0
CUST_0334,227814,143,359,1,12,Beta Recovery,0.2,1
CUST_0335,238714,76,466,0,14,Beta Recovery,0.2,1
CUST_0336,143483,188,501,0,15,Gamma Legal,0.3,0
CUST_0337,134983,51,445,0,8,Gamma Legal,0.2,0
CUST_0338,461486,24,738,1,2,None,0.5,0
CUST_0339,215835,120,541,0,18,Beta Recovery,0.5,1
CUST_0340,402896,166,782,1,19,Beta Recovery,0.8,1
CUST_0341,85896,298,407,0,4,None,0.01,0
CUST_0342,478095,240,525,0,9,Beta Recovery,0.3,1
CUST_0343,72295,166,731,2,16,Alpha Collections,0.5,0
CUST_0344,220686,47,718,1,14,Beta Recovery,0.5,1
CUST_0345,363833,106,754,0,7,None,0.8,1
CUST_0346,274255,298,459,2,14,Alpha Collections,0.01,0
CUST_0347,300648,263,822,0,13,Gamma Legal,0.6000000000000001,1
CUST_0348,133874,205,376,0,19,None,0.01,0
CUST_0349,9155,95,808,0,6,None,0.8,1
CUST_0350,467872,331,740,1,11,Gamma Legal,0.3,0
CUST_0351,302528,19,553,1,16,None,0.5,1
CUST_0352,375705,14,619,0,16,Beta Recovery,0.5,1
CUST_0353,48254,132,562,2,9,Gamma Legal,0.5,1
CUST_0354,285062,339,673,0,18,None,0.3,0
CUST_0355,86981,362,466,0,13,Gamma Legal,0.01,0
CUST_0356,454929,127,758,0,10,Gamma Legal,0.8,1
CUST_0357,31306,303,579,0,1,Gamma Legal,0.3,0
CUST_0358,148718,168,601,0,17,Alpha Collections,0.5,1
CUST_0359,309987,312,830,0,6,None,0.6000000000000001,0
CUST_0360,121975,237,517,2,11,Alpha Collections,0.3,0
CUST_0361,359745,225,401,0,1,None,0.01,0
CUST_0362,484951,193,587,0,19,Beta Recovery,0.3,0
CUST_0363,108512,24,466,0,17,Beta Recovery,0.2,0
CUST_0364,148443,166,335,0,5,Beta Recovery,0.2,1
CUST_0365,471587,145,652,0,9,None,0.5,1
CUST_0366,374616,270,372,1,19,Gamma Legal,0.01,0
CUST_0367,134121,166,652,0,14,Gamma Legal,0.5,1
CUST_0368,163688,56,369,1,4,Alpha Collections,0.2,0
CUST_0369,366871,333,724,2,19,Alpha Collections,0.3,0
CUST_0370,376037,341,816,0,2,Beta Recovery,0.6000000000000001,1
CUST_0371,284076,182,727,2,4,Alpha Collections,0.3,0
CUST_0372,118796,139,838,0,7,None,0.8,1
CUST_0373,292999,104,459,1,7,None,0.2,0
CUST_0374,193506,124,448,0,7,Alpha Collections,0.2,0
CUST_0375,466910,252,529,0,11,Alpha Collections,0.3,1
CUST_0376,175088,301,366,0,7,Alpha Collections,0.01,0
CUST_0377,270544,291,680,0,10,Alpha Collections,0.3,0
CUST_0378,381002,308,357,0,13,Beta Recovery,0.01,0
CUST_0379,174714,292,558,0,7,Beta Recovery,0.3,0
CUST_0380,16151,78,641,0,9,Alpha Collections,0.5,0
CUST_0381,445623,157,429,3,6,None,0.01,0
CUST_0382,67690,20,471,1,16,Beta Recovery,0.2,0
CUST_0383,5499,263,508,0,3,None,0.3,0
CUST_0384,7295,339,653,0,12,Gamma Legal,0.3,0
CUST_0385,384029,47,770,2,3,None,0.8,1
CUST_0386,389215,143,415,2,4,Alpha Collections,0.2,0
CUST_0387,322184,209,563,1,3,Gamma Legal,0.3,0
CUST_0388,275327,32,741,0,17,Beta Recovery,0.5,0
CUST_0389,423515,312,847,0,5,Beta Recovery,0.6000000000000001,0
CUST_0390,144946,355,752,0,1,Gamma Legal,0.6000000000000001,0
CUST_0391,379480,311,776,0,10,None,0.6000000000000001,1
CUST_0392,33711,227,586,1,13,Beta Recovery,0.3,0
CUST_0393,268683,150,602,1,4,Alpha Collections,0.5,0
CUST_0394,185423,113,610,0,5,Gamma Legal,0.5,1
CUST_0395,455483,219,507,2,9,Alpha Collections,0.3,0
CUST_0396,180426,120,745,0,7,Gamma Legal,0.5,0
CUST_0397,389207,113,354,0,13,Beta Recovery,0.2,0
CUST_0398,134629,325,311,0,2,None,0.01,0
CUST_0399,301504,180,699,3,11,Gamma Legal,0.3,0
CUST_0400,214090,333,814,0,15,Gamma Legal,0.6000000000000001,0
CUST_0401,134272,142,841,3,16,Alpha Collections,0.6000000000000001,1
CUST_0402,244548,302,536,2,0,Beta Recovery,0.3,1
CUST_0403,462713,337,578,0,9,Alpha Collections,0.3,0
CUST_0404,179047,136,647,0,9,Beta Recovery,0.5,0
CUST_0405,284501,115,403,2,1,Alpha Collections,0.2,0
CUST_0406,120121,101,816,0,8,Gamma Legal,0.8,1
CUST_0407,78505,296,547,3,12,Alpha Collections,0.09999999999999998,0
CUST_0408,3869,60,663,3,15,None,0.3,0
CUST_0409,258186,38,620,0,17,Beta Recovery,0.5,1
CUST_0410,455351,305,585,0,18,Beta Recovery,0.3,0
CUST_0411,313252,306,448,3,11,Gamma Legal,0.01,0
CUST_0412,113296,223,383,1,7,Beta Recovery,0.01,0
CUST_0413,95179,276,705,0,16,None,0.3,1
CUST_0414,91272,266,755,0,14,Alpha Collections,0.6000000000000001,0
CUST_0415,39467,311,460,0,9,Gamma Legal,0.01,0
CUST_0416,286472,110,759,3,14,None,0.6000000000000001,1
CUST_0417,354556,355,849,2,14,Beta Recovery,0.6000000000000001,0
CUST_0418,481047,119,799,1,6,Beta Recovery,0.8,1
CUST_0419,136059,191,808,0,12,None,0.6000000000000001,0
CUST_0420,59871,322,780,0,16,Alpha Collections,0.6000000000000001,1
CUST_0421,416615,10,413,2,8,Alpha Collections,0.2,0
CUST_0422,129391,328,660,0,7,Gamma Legal,0.3,0
CUST_0423,440430,64,640,0,19,Beta Recovery,0.5,0
CUST_0424,493738,158,748,0,17,None,0.5,0
CUST_0425,87416,318,479,1,12,Alpha Collections,0.01,0
CUST_0426,333415,146,706,3,15,Gamma Legal,0.3,0
CUST_0427,307208,211,495,0,8,Beta Recovery,0.01,0
CUST_0428,257687,322,765,0,11,Beta Recovery,0.6000000000000001,1
CUST_0429,202163,126,610,1,11,Gamma Legal,0.5,1
CUST_0430,108450,163,561,5,5,Gamma Legal,0.3,1
CUST_0431,172890,300,718,0,18,Alpha Collections,0.3,0
CUST_0432,439741,72,705,0,6,None,0.5,1
CUST_0433,282974,253,442,0,2,Beta Recovery,0.01,0
CUST_0434,411645,34,641,2,15,None,0.5,0
CUST_0435,401109,99,615,0,17,Beta Recovery,0.5,0
CUST_0436,117381,84,400,0,15,Beta Recovery,0.2,1
CUST_0437,474125,303,543,1,6,None,0.3,0
CUST_0438,48333,219,789,1,3,Gamma Legal,0.6000000000000001,0
CUST_0439,135508,356,311,0,7,Alpha Collections,0.01,0
CUST_0440,206362,26,538,2,12,Beta Recovery,0.5,0
CUST_0441,339357,137,341,0,12,Gamma Legal,0.2,0
CUST_0442,400111,260,728,0,16,Beta Recovery,0.3,0
CUST_0443,151810,188,457,0,16,Alpha Collections,0.01,0
CUST_0444,293890,191,515,1,4,Beta Recovery,0.3,0
CUST_0445,50377,161,761,0,5,Alpha Collections,0.8,1
CUST_0446,442620,34,433,2,18,Alpha Collections,0.2,0
CUST_0447,317189,189,366,1,12,Beta Recovery,0.01,0
CUST_0448,361032,207,306,1,13,Beta Recovery,0.01,0
CUST_0449,434006,353,825,1,3,Alpha Collections,0.6000000000000001,0
CUST_0450,370599,170,372,1,6,Gamma Legal,0.2,0
CUST_0451,137672,186,698,0,7,None,0.3,0
CUST_0452,226732,294,704,0,12,Alpha Collections,0.3,0
CUST_0453,356323,72,429,3,5,Beta Recovery,0.01,0
CUST_0454,172836,159,765,0,5,Beta Recovery,0.8,1
CUST_0455,206615,163,505,1,2,Gamma Legal,0.5,0
CUST_0456,46714,165,565,4,2,None,0.3,1
CUST_0457,451051,58,836,0,12,Alpha Collections,0.8,1
CUST_0458,103946,346,552,1,1,Alpha Collections,0.3,0
CUST_0459,372760,93,588,0,15,None,0.5,1
CUST_0460,106983,186,463,0,5,Alpha Collections,0.01,0
CUST_0461,467960,157,394,0,7,None,0.2,1
CUST_0462,188563,127,409,0,7,Beta Recovery,0.2,0
CUST_0463,125123,351,635,1,5,None,0.3,0
CUST_0464,412805,72,537,2,13,Alpha Collections,0.5,0
CUST_0465,306628,198,680,1,2,None,0.3,1
CUST_0466,83989,58,735,0,9,Gamma Legal,0.5,1
CUST_0467,299356,336,782,0,2,Beta Recovery,0.6000000000000001,1
CUST_0468,306669,266,324,1,11,Beta Recovery,0.01,0
CUST_0469,179274,233,416,0,16,None,0.01,0
CUST_0470,164707,150,781,3,4,Alpha Collections,0.6000000000000001,0
CUST_0471,326352,224,691,2,19,Gamma Legal,0.3,0
CUST_0472,296972,220,836,1,8,Beta Recovery,0.6000000000000001,1
CUST_0473,412927,327,378,3,19,Beta Recovery,0.01,0
CUST_0474,266564,41,472,0,6,Alpha Collections,0.2,0
CUST_0475,359896,167,311,1,3,Alpha Collections,0.2,0
CUST_0476,132373,294,427,0,12,Gamma Legal,0.01,0
CUST_0477,439452,314,391,3,12,None,0.01,0
CUST_0478,116294,295,842,0,9,Alpha Collections,0.6000000000000001,1
CUST_0479,460451,153,831,1,17,None,0.8,1
CUST_0480,448456,28,746,2,16,Gamma Legal,0.5,1
CUST_0481,125019,27,689,0,19,None,0.5,1
CUST_0482,66726,266,342,0,19,Beta Recovery,0.01,0
CUST_0483,142564,87,553,1,12,None,0.5,0
CUST_0484,378812,184,429,0,16,Gamma Legal,0.01,0
CUST_0485,495495,203,359,0,3,Gamma Legal,0.01,0
CUST_0486,269246,122,766,0,0,Gamma Legal,0.8,1
CUST_0487,182408,123,586,0,0,None,0.5,0
CUST_0488,119015,231,816,2,14,Beta Recovery,0.6000000000000001,0
CUST_0489,217386,175,766,0,12,Alpha Collections,0.8,1
CUST_0490,255079,328,644,0,16,Beta Recovery,0.3,0
CUST_0491,27641,141,681,0,7,None,0.5,0
CUST_0492,166656,273,552,0,17,None,0.3,0
CUST_0493,164817,64,355,0,12,Alpha Collections,0.2,1
CUST_0494,417309,140,762,0,13,None,0.8,1
CUST_0495,460321,297,756,0,7,Gamma Legal,0.6000000000000001,0
CUST_0496,366890,275,382,0,7,Gamma Legal,0.01,0
CUST_0497,494415,171,398,1,14,Gamma Legal,0.2,0
CUST_0498,446101,96,448,0,12,Gamma Legal,0.2,0
CUST_0499,37631,64,628,1,6,Gamma Legal,0.5,1
CUST_0500,243289,297,455,0,4,None,0.01,0
CUST_0501,73991,187,489,0,16,Alpha Collections,0.01,0
CUST_0502,5014,358,793,1,15,Alpha Collections,0.6000000000000001,0
CUST_0503,274237,17,562,0,1,Gamma Legal,0.5,1
CUST_0504,19070,330,379,2,17,None,0.01,0
CUST_0505,298921,322,699,1,16,Beta Recovery,0.3,0
CUST_0506,57958,256,559,0,6,Beta Recovery,0.3,0
CUST_0507,83074,332,400,2,12,None,0.01,0
CUST_0508,11729,264,658,1,17,Gamma Legal,0.3,1
CUST_0509,231785,337,679,0,13,Alpha Collections,0.3,0
CUST_0510,177089,63,520,0,17,None,0.5,1
CUST_0511,198392,258,719,0,12,Beta Recovery,0.3,0
CUST_0512,159823,248,423,2,10,Beta Recovery,0.01,0
CUST_0513,106864,238,721,1,15,Beta Recovery,0.3,0
CUST_0514,394002,76,530,3,16,Gamma Legal,0.3,0
CUST_0515,210141,60,362,1,7,Beta Recovery,0.2,0
CUST_0516,499863,106,784,0,18,None,0.8,1
CUST_0517,368654,101,782,0,19,None,0.8,1
CUST_0518,55748,273,818,1,14,Beta Recovery,0.6000000000000001,1
CUST_0519,6801,300,454,0,8,None,0.01,0
CUST_0520,151262,105,391,5,19,Beta Recovery,0.01,0
CUST_0521,443905,97,825,0,9,Beta Recovery,0.8,1
CUST_0522,236362,87,754,0,11,Alpha Collections,0.8,1
CUST_0523,445209,297,809,1,19,Gamma Legal,0.6000000000000001,1
CUST_0524,30592,129,482,1,0,Gamma Legal,0.2,1
CUST_0525,273791,311,685,0,19,Alpha Collections,0.3,0
CUST_0526,140788,174,704,1,8,Alpha Collections,0.5,0
CUST_0527,220963,191,545,0,14,Gamma Legal,0.3,0
CUST_0528,481761,232,770,1,0,Beta Recovery,0.6000000000000001,1
CUST_0529,249710,320,722,1,11,Beta Recovery,0.3,0
CUST_0530,221984,16,364,2,2,Gamma Legal,0.2,0
CUST_0531,373771,339,312,2,10,Beta Recovery,0.01,0
CUST_0532,333460,272,512,0,1,Alpha Collections,0.3,1
CUST_0533,259067,170,541,0,15,Beta Recovery,0.5,0
CUST_0534,265512,160,792,5,8,Beta Recovery,0.6000000000000001,1
CUST_0535,78575,94,512,0,14,None,0.5,1
CUST_0536,269799,156,637,3,11,None,0.3,0
CUST_0537,238549,121,472,0,0,None,0.2,0
CUST_0538,71031,45,463,1,12,Beta Recovery,0.2,1
CUST_0539,470645,294,764,2,13,Gamma Legal,0.6000000000000001,1
CUST_0540,485299,197,796,3,7,Alpha Collections,0.4000000000000001,1
CUST_0541,88922,91,694,0,7,Beta Recovery,0.5,1
CUST_0542,449982,11,607,1,11,Gamma Legal,0.5,1
CUST_0543,125046,312,482,0,0,Beta Recovery,0.01,0
CUST_0544,407619,206,809,0,10,Alpha Collections,0.6000000000000001,1
CUST_0545,33097,20,845,1,7,Beta Recovery,0.8,1
CUST_0546,472873,243,526,1,9,Alpha Collections,0.3,0
CUST_0547,143038,204,735,3,18,Beta Recovery,0.09999999999999998,0
CUST_0548,125862,128,721,0,10,Alpha Collections,0.5,1
CUST_0549,231229,29,320,0,6,Beta Recovery,0.2,0
CUST_0550,119834,270,696,0,10,Alpha Collections,0.3,1
CUST_0551,94848,302,404,0,16,None,0.01,0
CUST_0552,53921,265,491,0,0,Beta Recovery,0.01,0
CUST_0553,181798,231,316,1,7,Beta Recovery,0.01,0
CUST_0554,127141,235,419,0,5,Gamma Legal,0.01,0
CUST_0555,182372,62,692,3,17,Gamma Legal,0.3,0
CUST_0556,285821,364,724,4,5,Alpha Collections,0.09999999999999998,0
CUST_0557,56609,351,428,1,4,Beta Recovery,0.01,0
CUST_0558,228897,289,429,3,12,Alpha Collections,0.01,0
CUST_0559,450877,90,328,1,18,None,0.2,0
CUST_0560,32024,211,396,0,7,Gamma Legal,0.01,0
CUST_0561,71313,167,309,0,8,Alpha Collections,0.2,0
CUST_0562,390957,129,541,0,16,Alpha Collections,0.5,0
CUST_0563,185078,68,531,0,2,Gamma Legal,0.5,0
CUST_0564,358429,224,583,2,18,Beta Recovery,0.3,0
CUST_0565,409554,137,499,0,10,Alpha Collections,0.2,0
CUST_0566,462243,233,378,2,16,Gamma Legal,0.01,0
CUST_0567,486988,218,472,1,18,Beta Recovery,0.01,0
CUST_0568,114632,124,766,0,1,None,0.8,1
CUST_0569,474351,218,715,5,7,Gamma Legal,0.09999999999999998,0
CUST_0570,413724,23,748,0,18,Alpha Collections,0.5,1
CUST_0571,252451,18,386,0,6,None,0.2,0
CUST_0572,4051,49,400,1,16,Beta Recovery,0.2,0
CUST_0573,180819,246,307,0,5,Beta Recovery,0.01,0
CUST_0574,377836,290,499,1,18,Gamma Legal,0.01,0
CUST_0575,481358,210,804,0,5,Gamma Legal,0.6000000000000001,0
CUST_0576,88235,255,386,0,1,Gamma Legal,0.01,0
CUST_0577,448237,287,342,4,5,Beta Recovery,0.01,0
CUST_0578,198484,244,684,0,4,None,0.3,1
CUST_0579,190407,13,734,0,18,Beta Recovery,0.5,1
CUST_0580,450395,163,707,0,19,Alpha Collections,0.5,0
CUST_0581,426309,38,782,3,3,Beta Recovery,0.6000000000000001,1
CUST_0582,463894,118,316,0,16,Alpha Collections,0.2,0
CUST_0583,212810,107,447,0,10,None,0.2,1
CUST_0584,433950,224,576,0,3,Gamma Legal,0.3,1
CUST_0585,204687,302,531,0,12,Gamma Legal,0.3,0
CUST_0586,74523,84,665,2,19,Beta Recovery,0.5,1
CUST_0587,237175,335,527,1,16,Gamma Legal,0.3,0
CUST_0588,95476,155,735,0,8,None,0.5,1
CUST_0589,234841,137,698,1,3,Gamma Legal,0.5,0
CUST_0590,280163,350,510,0,13,Beta Recovery,0.3,0
CUST_0591,346757,51,690,4,18,None,0.3,0
CUST_0592,223866,50,798,4,2,Alpha Collections,0.6000000000000001,1
CUST_0593,87672,43,839,0,13,Beta Recovery,0.8,1
CUST_0594,74847,26,790,2,7,Alpha Collections,0.8,1
CUST_0595,345894,174,741,1,0,None,0.5,1
CUST_0596,211706,162,560,0,9,Beta Recovery,0.5,0
CUST_0597,29251,85,649,0,17,Beta Recovery,0.5,0
CUST_0598,104481,96,651,0,15,None,0.5,0
CUST_0599,375710,126,819,1,7,Gamma Legal,0.8,1
CUST_0600,26945,351,619,4,0,Beta Recovery,0.09999999999999998,0
CUST_0601,353996,36,437,1,11,Beta Recovery,0.2,0
CUST_0602,33217,322,849,2,7,Alpha Collections,0.6000000000000001,1
CUST_0603,9308,296,667,1,15,Gamma Legal,0.3,0
CUST_0604,269093,143,519,2,17,Alpha Collections,0.5,0
CUST_0605,184062,228,636,1,3,Alpha Collections,0.3,0
CUST_0606,395366,177,522,0,5,Gamma Legal,0.5,1
CUST_0607,221552,107,659,0,11,Gamma Legal,0.5,1
CUST_0608,101235,277,628,2,8,None,0.3,0
CUST_0609,75740,246,762,0,14,Gamma Legal,0.6000000000000001,1
CUST_0610,379496,318,681,2,15,Beta Recovery,0.3,1
CUST_0611,329761,182,468,0,11,Gamma Legal,0.01,0
CUST_0612,226913,199,516,0,13,None,0.3,1
CUST_0613,280040,131,677,2,12,None,0.5,1
CUST_0614,393942,55,418,0,1,None,0.2,0
CUST_0615,178247,73,489,0,2,Gamma Legal,0.2,1
CUST_0616,139877,139,669,0,9,Gamma Legal,0.5,0
CUST_0617,6237,319,448,2,8,Alpha Collections,0.01,0
CUST_0618,21056,202,787,0,19,Alpha Collections,0.6000000000000001,1
CUST_0619,177615,316,673,3,7,Beta Recovery,0.09999999999999998,0
CUST_0620,188628,190,459,0,9,Alpha Collections,0.01,0
CUST_0621,115548,301,650,5,18,Beta Recovery,0.09999999999999998,0
CUST_0622,374632,291,587,4,2,None,0.09999999999999998,0
CUST_0623,135415,38,587,0,4,Alpha Collections,0.5,1
CUST_0624,407716,158,525,0,2,Gamma Legal,0.5,1
CUST_0625,447438,276,822,0,15,Alpha Collections,0.6000000000000001,1
CUST_0626,30375,305,821,1,16,Beta Recovery,0.6000000000000001,0
CUST_0627,141734,20,572,0,14,Alpha Collections,0.5,0
CUST_0628,17964,173,701,0,2,None,0.5,1
CUST_0629,114429,122,482,0,11,Gamma Legal,0.2,0
CUST_0630,253764,196,787,0,8,Beta Recovery,0.6000000000000001,0
CUST_0631,191710,304,423,0,11,Gamma Legal,0.01,0
CUST_0632,467882,241,713,1,14,Gamma Legal,0.3,0
CUST_0633,217139,236,471,5,1,Beta Recovery,0.01,0
CUST_0634,68215,319,587,0,17,Gamma Legal,0.3,0
CUST_0635,332186,107,734,0,19,Gamma Legal,0.5,0
CUST_0636,145356,64,412,0,11,Alpha Collections,0.2,0
CUST_0637,204861,120,421,2,3,Gamma Legal,0.2,0
CUST_0638,478880,161,843,3,15,Gamma Legal,0.6000000000000001,1
CUST_0639,356612,255,521,2,15,Gamma Legal,0.3,0
CUST_0640,455605,78,338,4,0,Gamma Legal,0.01,0
CUST_0641,10435,321,796,0,1,Beta Recovery,0.6000000000000001,1
CUST_0642,448556,298,532,2,2,None,0.3,0
CUST_0643,176150,259,829,1,19,Alpha Collections,0.6000000000000001,0
CUST_0644,341976,45,448,0,16,Gamma Legal,0.2,0
CUST_0645,52293,248,696,4,19,Gamma Legal,0.09999999999999998,0
CUST_0646,490197,157,601,0,0,Beta Recovery,0.5,0
CUST_0647,79781,236,659,1,19,None,0.3,0
CUST_0648,192475,253,537,0,5,Gamma Legal,0.3,1
CUST_0649,161196,346,535,0,14,Beta Recovery,0.3,0
CUST_0650,227507,210,502,1,13,Alpha Collections,0.3,1
CUST_0651,307063,163,555,0,19,Alpha Collections,0.5,1
CUST_0652,240833,82,534,0,14,Gamma Legal,0.5,0
CUST_0653,253377,210,644,0,13,Gamma Legal,0.3,0
CUST_0654,167319,305,833,2,4,None,0.6000000000000001,0
CUST_0655,122172,26,765,0,5,None,0.8,0
CUST_0656,357902,138,840,0,16,Gamma Legal,0.8,1
CUST_0657,485963,226,512,3,10,Beta Recovery,0.09999999999999998,0
CUST_0658,456968,70,762,2,15,None,0.8,1
CUST_0659,319717,113,735,0,11,Gamma Legal,0.5,0
CUST_0660,60101,51,582,1,14,None,0.5,1
CUST_0661,496972,34,762,2,3,Gamma Legal,0.8,0
CUST_0662,289790,48,706,2,17,Alpha Collections,0.5,1
CUST_0663,367329,300,387,0,2,Gamma Legal,0.01,0
CUST_0664,24049,140,343,0,7,Alpha Collections,0.2,0
CUST_0665,211677,238,760,0,2,None,0.6000000000000001,1
CUST_0666,361260,117,577,0,7,Gamma Legal,0.5,0
CUST_0667,360523,181,720,0,17,None,0.3,0
CUST_0668,69385,111,652,0,9,Alpha Collections,0.5,0
CUST_0669,127131,363,814,1,19,Gamma Legal,0.6000000000000001,1
CUST_0670,434374,21,318,0,16,None,0.2,1
CUST_0671,197489,284,322,0,7,Alpha Collections,0.01,0
CUST_0672,24289,110,712,2,10,None,0.5,1
CUST_0673,373370,53,329,0,4,Beta Recovery,0.2,1
CUST_0674,363937,314,407,0,12,Alpha Collections,0.01,0
CUST_0675,272967,26,666,2,4,Alpha Collections,0.5,1
CUST_0676,192232,339,580,0,12,Alpha Collections,0.3,1
CUST_0677,305119,66,427,1,5,Gamma Legal,0.2,0
CUST_0678,10540,320,528,1,4,Gamma Legal,0.3,0
CUST_0679,17364,312,410,0,8,Gamma Legal,0.01,0
CUST_0680,398827,21,435,2,15,Beta Recovery,0.2,0
CUST_0681,28663,327,661,0,1,Beta Recovery,0.3,0
CUST_0682,52991,89,485,0,0,Alpha Collections,0.2,0
CUST_0683,189751,225,428,0,7,Beta Recovery,0.01,0
CUST_0684,367326,348,560,0,18,None,0.3,0
CUST_0685,163049,273,814,3,10,Alpha Collections,0.4000000000000001,0
CUST_0686,95704,158,748,0,11,Alpha Collections,0.5,1
CUST_0687,50115,90,403,0,11,None,0.2,0
CUST_0688,354151,224,782,0,6,Alpha Collections,0.6000000000000001,0
CUST_0689,220295,207,523,0,12,Beta Recovery,0.3,1
CUST_0690,192962,209,790,0,7,Gamma Legal,0.6000000000000001,1
CUST_0691,198459,34,772,0,8,None,0.8,0
CUST_0692,150143,98,309,1,6,Beta Recovery,0.2,0
CUST_0693,191347,277,704,0,14,None,0.3,0
CUST_0694,466585,152,601,0,1,None,0.5,0
CUST_0695,12938,68,530,0,19,Alpha Collections,0.5,0
CUST_0696,429411,35,365,0,11,Alpha Collections,0.2,0
CUST_0697,354824,56,411,2,0,Beta Recovery,0.2,0
CUST_0698,5000,297,312,0,7,None,0.01,0
CUST_0699,202660,275,692,0,4,Alpha Collections,0.3,0
CUST_0700,364186,25,799,0,14,Alpha Collections,0.8,1
CUST_0701,356754,208,533,1,0,None,0.3,0
CUST_0702,252492,291,613,1,0,Beta Recovery,0.3,0
CUST_0703,366835,95,311,0,9,Beta Recovery,0.2,0
CUST_0704,492072,259,508,1,9,None,0.3,1
CUST_0705,39304,279,313,1,14,Beta Recovery,0.01,0
CUST_0706,332593,344,717,2,16,Alpha Collections,0.3,0
CUST_0707,83986,126,736,2,5,None,0.5,1
CUST_0708,483859,16,676,0,2,Alpha Collections,0.5,0
CUST_0709,152836,146,319,0,12,Gamma Legal,0.2,0
CUST_0710,109940,185,369,0,15,Gamma Legal,0.01,0
CUST_0711,480243,337,510,0,7,Beta Recovery,0.3,1
CUST_0712,301638,324,400,5,14,Gamma Legal,0.01,0
CUST_0713,266517,224,431,0,16,Alpha Collections,0.01,0
CUST_0714,144233,91,680,0,16,Gamma Legal,0.5,1
CUST_0715,98532,232,431,1,12,Alpha Collections,0.01,0
CUST_0716,355802,112,319,0,16,Beta Recovery,0.2,0
CUST_0717,386777,282,835,0,5,Beta Recovery,0.6000000000000001,1
CUST_0718,101386,23,526,0,16,Alpha Collections,0.5,1
CUST_0719,28350,168,453,0,15,Gamma Legal,0.2,0
CUST_0720,94008,161,768,1,13,Beta Recovery,0.8,1
CUST_0721,357441,117,704,0,12,None,0.5,1
CUST_0722,26351,197,501,0,5,Beta Recovery,0.3,1
CUST_0723,89668,310,337,0,2,Gamma Legal,0.01,0
CUST_0724,115585,107,487,0,13,None,0.2,0
CUST_0725,409521,140,356,1,13,Gamma Legal,0.2,0
CUST_0726,338497,302,319,0,14,Alpha Collections,0.01,0
CUST_0727,208869,180,572,0,7,None,0.5,1
CUST_0728,66953,192,418,3,14,Gamma Legal,0.01,0
CUST_0729,320602,48,815,1,12,None,0.8,0
CUST_0730,283502,24,520,0,16,Gamma Legal,0.5,1
CUST_0731,4267,13,825,0,2,None,0.8,0
CUST_0732,83745,358,814,1,5,Gamma Legal,0.6000000000000001,1
CUST_0733,352732,219,635,1,4,Alpha Collections,0.3,1
CUST_0734,301657,170,354,0,16,None,0.2,0
CUST_0735,158164,25,799,4,1,None,0.6000000000000001,1
CUST_0736,12338,117,835,0,14,None,0.8,1
CUST_0737,132484,320,461,0,4,None,0.01,0
CUST_0738,8543,236,458,0,19,Alpha Collections,0.01,0
CUST_0739,369035,179,487,0,5,None,0.2,1
CUST_0740,427712,43,359,2,5,Beta Recovery,0.2,0
CUST_0741,61692,260,618,0,17,Alpha Collections,0.3,1
CUST_0742,221156,256,510,0,17,Beta Recovery,0.3,1
CUST_0743,224992,278,705,2,3,None,0.3,1
CUST_0744,307569,150,408,0,16,Gamma Legal,0.2,1
CUST_0745,39756,283,375,0,13,Beta Recovery,0.01,0
CUST_0746,19888,105,841,0,13,None,0.8,1
CUST_0747,167807,236,613,0,12,Beta Recovery,0.3,0
CUST_0748,310439,48,416,0,6,None,0.2,0
CUST_0749,115352,311,318,1,11,None,0.01,0
CUST_0750,346186,38,731,0,14,None,0.5,1
CUST_0751,86999,327,649,0,18,Gamma Legal,0.3,0
CUST_0752,18955,254,482,1,10,Beta Recovery,0.01,0
CUST_0753,300985,245,412,1,14,Alpha Collections,0.01,0
CUST_0754,71640,194,482,0,11,Alpha Collections,0.01,0
CUST_0755,197582,281,780,0,2,Alpha Collections,0.6000000000000001,1
CUST_0756,429127,245,445,0,16,Alpha Collections,0.01,0
CUST_0757,453247,248,412,0,2,None,0.01,0
CUST_0758,220798,275,775,0,18,Beta Recovery,0.6000000000000001,1
CUST_0759,401573,349,602,0,19,Beta Recovery,0.3,0
CUST_0760,426695,74,417,3,3,Gamma Legal,0.01,0
CUST_0761,62476,186,460,0,2,Beta Recovery,0.01,0
CUST_0762,307955,12,700,1,15,Beta Recovery,0.5,0
CUST_0763,168280,151,497,0,11,Beta Recovery,0.2,0
CUST_0764,152222,167,559,1,7,Gamma Legal,0.5,0
CUST_0765,72180,333,346,1,16,Alpha Collections,0.01,0
CUST_0766,175358,155,698,2,6,Beta Recovery,0.5,1
CUST_0767,113856,302,377,0,10,Gamma Legal,0.01,0
CUST_0768,331594,162,423,0,17,Gamma Legal,0.2,0
CUST_0769,415568,202,374,0,0,None,0.01,0
CUST_0770,187141,82,436,1,2,Gamma Legal,0.2,0
CUST_0771,375032,314,699,0,3,Alpha Collections,0.3,1
CUST_0772,111448,353,804,0,12,Beta Recovery,0.6000000000000001,1
CUST_0773,15397,149,799,0,5,Gamma Legal,0.8,1
CUST_0774,435771,196,437,0,13,Alpha Collections,0.01,0
CUST_0775,179031,302,349,0,4,Gamma Legal,0.01,0
CUST_0776,394944,70,553,0,15,Gamma Legal,0.5,0
CUST_0777,444733,207,725,4,14,Gamma Legal,0.09999999999999998,1
CUST_0778,120180,304,846,1,14,Gamma Legal,0.6000000000000001,1
CUST_0779,67234,328,601,4,3,Gamma Legal,0.09999999999999998,0
CUST_0780,40954,311,648,0,7,Alpha Collections,0.3,0
CUST_0781,179352,353,348,2,15,Beta Recovery,0.01,0
CUST_0782,80459,20,373,2,15,Beta Recovery,0.2,0
CUST_0783,410995,71,560,1,3,Beta Recovery,0.5,1
CUST_0784,196004,342,655,1,12,Beta Recovery,0.3,0
CUST_0785,467152,235,559,0,12,Alpha Collections,0.3,0
CUST_0786,418682,162,594,2,1,None,0.5,0
CUST_0787,431155,208,612,0,2,None,0.3,0
CUST_0788,201968,61,481,0,7,Alpha Collections,0.2,0
CUST_0789,429486,269,663,0,14,Alpha Collections,0.3,0
CUST_0790,60163,68,487,3,10,Gamma Legal,0.01,1
CUST_0791,476853,81,842,2,8,Gamma Legal,0.8,0
CUST_0792,52934,157,847,5,6,Gamma Legal,0.6000000000000001,0
CUST_0793,196967,358,707,1,12,Beta Recovery,0.3,1
CUST_0794,426523,72,713,0,1,Gamma Legal,0.5,1
CUST_0795,317242,319,641,0,7,None,0.3,0
CUST_0796,455137,252,519,0,6,Beta Recovery,0.3,0
CUST_0797,6486,339,462,0,11,Gamma Legal,0.01,0
CUST_0798,140407,116,519,0,18,Beta Recovery,0.5,1
CUST_0799,350044,235,569,0,6,None,0.3,0
CUST_0800,127020,322,699,0,9,Gamma Legal,0.3,0
CUST_0801,103795,227,481,3,15,None,0.01,0
CUST_0802,221184,250,504,0,2,None,0.3,0
CUST_0803,491419,268,527,2,9,None,0.3,1
CUST_0804,143202,271,549,1,5,Gamma Legal,0.3,0
CUST_0805,350652,14,740,0,17,Alpha Collections,0.5,0
CUST_0806,238027,270,832,0,17,Gamma Legal,0.6000000000000001,1
CUST_0807,119324,63,495,0,4,None,0.2,1
CUST_0808,323710,56,818,0,6,Gamma Legal,0.8,0
CUST_0809,198775,224,369,1,1,None,0.01,0
CUST_0810,290336,186,698,0,10,Alpha Collections,0.3,0
CUST_0811,264206,18,502,0,12,Beta Recovery,0.5,0
CUST_0812,85076,108,447,0,4,Alpha Collections,0.2,0
CUST_0813,90780,29,771,5,5,Alpha Collections,0.6000000000000001,1
CUST_0814,153617,250,498,1,13,Beta Recovery,0.01,0
CUST_0815,22689,70,725,1,11,Gamma Legal,0.5,0
CUST_0816,274318,187,791,0,3,Beta Recovery,0.6000000000000001,0
CUST_0817,351605,347,441,1,5,Gamma Legal,0.01,0
CUST_0818,389318,71,612,1,9,Gamma Legal,0.5,1
CUST_0819,366177,154,464,1,17,None,0.2,0
CUST_0820,10348,225,613,5,14,None,0.09999999999999998,0
CUST_0821,417930,12,320,0,7,Beta Recovery,0.2,0
CUST_0822,39102,169,381,3,8,Alpha Collections,0.01,0
CUST_0823,75460,236,430,3,4,Beta Recovery,0.01,0
CUST_0824,365778,278,604,0,9,Gamma Legal,0.3,0
CUST_0825,90930,129,670,0,19,None,0.5,1
CUST_0826,7801,98,683,4,5,Beta Recovery,0.3,0
CUST_0827,104150,338,744,0,15,Beta Recovery,0.3,0
CUST_0828,204339,77,724,0,2,None,0.5,1
CUST_0829,180208,107,460,4,9,None,0.01,0
CUST_0830,155697,276,477,0,10,None,0.01,0
CUST_0831,214945,114,789,0,10,Gamma Legal,0.8,1
CUST_0832,232915,332,626,0,16,None,0.3,0
CUST_0833,204664,132,588,0,3,Alpha Collections,0.5,1
CUST_0834,209124,38,653,0,3,Beta Recovery,0.5,1
CUST_0835,438477,146,327,0,16,None,0.2,0
CUST_0836,2542,204,342,1,8,None,0.01,0
CUST_0837,284821,235,722,0,18,Gamma Legal,0.3,0
CUST_0838,178804,341,476,1,4,Gamma Legal,0.01,0
CUST_0839,182415,179,828,1,5,Beta Recovery,0.8,1
CUST_0840,40081,18,793,0,2,Alpha Collections,0.8,0
CUST_0841,194928,49,497,1,0,Beta Recovery,0.2,1
CUST_0842,356249,34,816,0,19,None,0.8,1
CUST_0843,220930,270,813,0,15,Alpha Collections,0.6000000000000001,0
CUST_0844,282209,235,321,0,10,Alpha Collections,0.01,0
CUST_0845,215532,133,411,3,12,Alpha Collections,0.01,0
CUST_0846,89092,47,356,0,9,Alpha Collections,0.2,0
CUST_0847,317837,337,365,0,2,Beta Recovery,0.01,0
CUST_0848,290106,260,397,1,8,Gamma Legal,0.01,0
CUST_0849,29295,185,443,0,11,Gamma Legal,0.01,0
CUST_0850,14807,99,734,0,13,None,0.5,0
CUST_0851,436564,46,385,0,0,Gamma Legal,0.2,0
CUST_0852,158504,325,643,1,17,Gamma Legal,0.3,0
CUST_0853,477501,185,593,1,16,Gamma Legal,0.3,0
CUST_0854,239067,293,542,0,8,Gamma Legal,0.3,1
CUST_0855,486008,90,331,0,8,None,0.2,0
CUST_0856,452070,123,690,0,9,Beta Recovery,0.5,0
CUST_0857,434478,49,576,1,18,Alpha Collections,0.5,0
CUST_0858,169152,310,831,0,14,Gamma Legal,0.6000000000000001,1
CUST_0859,395540,233,453,0,4,Beta Recovery,0.01,0
CUST_0860,354411,327,682,0,14,Gamma Legal,0.3,0
CUST_0861,167981,358,367,0,19,Gamma Legal,0.01,0
CUST_0862,221411,124,513,0,1,Alpha Collections,0.5,1
CUST_0863,20870,195,675,0,12,Alpha Collections,0.3,0
CUST_0864,428794,332,512,0,15,Alpha Collections,0.3,1
CUST_0865,204196,65,378,1,14,Gamma Legal,0.2,1
CUST_0866,249683,49,680,0,9,Gamma Legal,0.5,1
CUST_0867,235677,363,357,3,13,Gamma Legal,0.01,0
CUST_0868,27790,49,325,0,9,Alpha Collections,0.2,0
CUST_0869,119874,356,746,1,13,None,0.3,0
CUST_0870,288433,246,365,1,8,Beta Recovery,0.01,0
CUST_0871,449345,298,553,0,13,None,0.3,1
CUST_0872,225786,271,343,0,2,Gamma Legal,0.01,0
CUST_0873,488462,225,396,1,19,Gamma Legal,0.01,0
CUST_0874,16485,156,526,0,15,None,0.5,1
CUST_0875,307626,345,735,3,1,Gamma Legal,0.09999999999999998,0
CUST_0876,87188,177,678,0,9,Beta Recovery,0.5,0
CUST_0877,5748,101,477,3,2,Gamma Legal,0.01,0
CUST_0878,218841,362,726,0,10,Beta Recovery,0.3,1
CUST_0879,141507,68,606,1,10,None,0.5,0
CUST_0880,266853,68,803,1,12,None,0.8,1
CUST_0881,124961,313,567,1,6,Gamma Legal,0.3,0
CUST_0882,31355,178,307,0,16,Beta Recovery,0.2,1
CUST_0883,187843,278,807,1,1,Gamma Legal,0.6000000000000001,0
CUST_0884,452015,54,775,0,11,Alpha Collections,0.8,1
CUST_0885,407332,354,596,1,9,Alpha Collections,0.3,0
CUST_0886,157542,190,463,0,17,Alpha Collections,0.01,0
CUST_0887,174416,179,784,2,10,Alpha Collections,0.8,1
CUST_0888,306062,200,371,0,15,Gamma Legal,0.01,0
CUST_0889,315368,164,537,2,16,Alpha Collections,0.5,1
CUST_0890,40298,197,403,2,18,Beta Recovery,0.01,0
CUST_0891,343363,16,509,2,17,None,0.5,1
CUST_0892,62629,142,767,0,2,None,0.8,1
CUST_0893,329184,244,753,0,15,Alpha Collections,0.6000000000000001,1
CUST_0894,493734,54,567,5,5,Alpha Collections,0.3,0
CUST_0895,231907,323,685,0,11,Alpha Collections,0.3,1
CUST_0896,291160,258,686,0,10,Gamma Legal,0.3,1
CUST_0897,24960,40,558,1,14,None,0.5,1
CUST_0898,296735,32,582,1,14,Alpha Collections,0.5,0
CUST_0899,214920,169,339,0,15,Beta Recovery,0.2,0
CUST_0900,366477,167,785,1,9,Alpha Collections,0.8,1
CUST_0901,243804,48,519,2,11,None,0.5,1
CUST_0902,377965,91,428,0,12,Alpha Collections,0.2,0
CUST_0903,461857,267,819,3,3,None,0.4000000000000001,1
CUST_0904,299539,215,559,0,6,Alpha Collections,0.3,0
CUST_0905,130695,86,665,0,1,Beta Recovery,0.5,0
CUST_0906,416916,21,843,0,14,Alpha Collections,0.8,1
CUST_0907,297764,304,823,0,7,Beta Recovery,0.6000000000000001,1
CUST_0908,235286,233,315,3,6,Beta Recovery,0.01,0
CUST_0909,129148,22,428,0,14,Alpha Collections,0.2,0
CUST_0910,283703,55,408,0,13,Beta Recovery,0.2,0
CUST_0911,487261,164,832,0,7,Gamma Legal,0.8,0
CUST_0912,356540,122,568,0,11,Alpha Collections,0.5,1
CUST_0913,193714,242,461,0,12,Alpha Collections,0.01,0
CUST_0914,208611,26,559,0,10,Beta Recovery,0.5,1
CUST_0915,284876,232,401,0,16,Beta Recovery,0.01,0
CUST_0916,260747,363,805,2,16,Alpha Collections,0.6000000000000001,1
CUST_0917,92362,197,546,0,3,Gamma Legal,0.3,0
CUST_0918,424570,353,836,0,7,Beta Recovery,0.6000000000000001,0
CUST_0919,276987,172,430,0,4,Beta Recovery,0.2,0
CUST_0920,115065,335,652,1,15,None,0.3,0
CUST_0921,334870,83,495,0,3,Gamma Legal,0.2,0
CUST_0922,18640,242,681,0,14,Gamma Legal,0.3,0
CUST_0923,53528,233,526,0,11,Alpha Collections,0.3,1
CUST_0924,301557,328,775,5,4,Gamma Legal,0.4000000000000001,0
CUST_0925,260214,69,776,0,15,Alpha Collections,0.8,1
CUST_0926,315782,344,564,1,13,None,0.3,0
CUST_0927,446952,231,671,0,9,Gamma Legal,0.3,0
CUST_0928,111133,46,785,0,6,Beta Recovery,0.8,1
CUST_0929,369501,287,733,1,12,None,0.3,0
CUST_0930,200938,205,510,0,19,Alpha Collections,0.3,0
CUST_0931,151159,361,676,2,4,None,0.3,0
CUST_0932,173502,251,694,3,2,Alpha Collections,0.09999999999999998,0
CUST_0933,156576,333,749,2,14,None,0.3,0
CUST_0934,401330,228,663,0,3,Alpha Collections,0.3,0
CUST_0935,342003,201,756,1,14,Gamma Legal,0.6000000000000001,0
CUST_0936,362801,26,525,0,13,Beta Recovery,0.5,0
CUST_0937,405191,21,430,2,19,Alpha Collections,0.2,0
CUST_0938,12023,202,775,1,18,None,0.6000000000000001,0
CUST_0939,22447,31,576,2,12,Alpha Collections,0.5,0
CUST_0940,484685,129,455,0,9,Alpha Collections,0.2,0
CUST_0941,389043,219,517,0,4,Alpha Collections,0.3,1
CUST_0942,287103,315,489,0,19,None,0.01,0
CUST_0943,67203,279,716,1,19,Beta Recovery,0.3,0
CUST_0944,382300,201,845,0,5,Gamma Legal,0.6000000000000001,1
CUST_0945,161775,184,340,0,3,Beta Recovery,0.01,0
CUST_0946,10337,294,606,1,1,Alpha Collections,0.3,0
CUST_0947,47427,213,637,0,15,None,0.3,0
CUST_0948,324673,173,613,0,17,Beta Recovery,0.5,0
CUST_0949,365167,260,374,0,4,Alpha Collections,0.01,0
CUST_0950,347809,236,578,0,3,Gamma Legal,0.3,0
CUST_0951,106787,16,475,0,12,Gamma Legal,0.2,0
CUST_0952,163993,38,572,0,18,Gamma Legal,0.5,1
CUST_0953,296451,42,588,0,1,Alpha Collections,0.5,1
CUST_0954,421571,143,571,0,12,None,0.5,1
CUST_0955,497484,88,365,1,10,Beta Recovery,0.2,0
CUST_0956,128016,67,782,0,3,Gamma Legal,0.8,1
CUST_0957,267979,35,547,0,19,Alpha Collections,0.5,0
CUST_0958,21159,235,455,3,19,Alpha Collections,0.01,0
CUST_0959,498562,294,346,0,14,Beta Recovery,0.01,0
CUST_0960,179677,13,753,0,3,Gamma Legal,0.8,1
CUST_0961,384934,108,500,1,8,Alpha Collections,0.5,1
CUST_0962,368760,48,423,3,6,Beta Recovery,0.01,0
CUST_0963,432304,280,300,1,18,None,0.01,0
CUST_0964,341896,294,490,1,18,None,0.01,0
CUST_0965,318428,166,815,2,5,None,0.8,1
CUST_0966,320187,84,741,0,5,Gamma Legal,0.5,0
CUST_0967,167619,297,442,2,19,Beta Recovery,0.01,0
CUST_0968,360151,139,490,0,14,Beta Recovery,0.2,0
CUST_0969,83844,184,832,3,14,Alpha Collections,0.4000000000000001,1
CUST_0970,28532,93,526,0,19,Alpha Collections,0.5,0
CUST_0971,166421,31,612,0,8,Alpha Collections,0.5,0
CUST_0972,123402,36,601,0,3,Beta Recovery,0.5,0
CUST_0973,119012,204,759,1,17,Alpha Collections,0.6000000000000001,0
CUST_0974,439661,346,700,0,17,Beta Recovery,0.3,0
CUST_0975,399929,245,692,2,4,Beta Recovery,0.3,0
CUST_0976,57178,101,506,2,19,None,0.5,1
CUST_0977,50407,30,509,0,10,Alpha Collections,0.5,0
CUST_0978,464556,312,414,2,4,None,0.01,0
CUST_0979,51990,93,550,1,3,Gamma Legal,0.5,1
CUST_0980,469888,271,518,1,11,Gamma Legal,0.3,1
CUST_0981,130473,156,706,0,1,Gamma Legal,0.5,0
CUST_0982,459761,266,742,0,12,Beta Recovery,0.3,1
CUST_0983,479007,67,653,0,9,Beta Recovery,0.5,0
CUST_0984,321285,24,849,0,8,Beta Recovery,0.8,1
CUST_0985,418009,171,441,3,9,Alpha Collections,0.01,0
CUST_0986,319714,172,800,0,6,None,0.8,1
CUST_0987,227156,329,846,2,3,Beta Recovery,0.6000000000000001,1
CUST_0988,169964,290,841,0,18,None,0.6000000000000001,0
CUST_0989,2015,289,806,0,9,None,0.6000000000000001,1
CUST_0990,62813,21,580,1,2,None,0.5,1
CUST_0991,28712,283,723,2,18,Alpha Collections,0.3,1
CUST_0992,101497,280,569,0,1,Alpha Collections,0.3,0
CUST_0993,402631,217,453,0,19,Gamma Legal,0.01,0
CUST_0994,243926,36,382,0,9,Gamma Legal,0.2,0
CUST_0995,113816,81,725,0,1,None,0.5,0
CUST_0996,129778,69,574,0,1,Gamma Legal,0.5,1
CUST_0997,63292,154,583,0,16,None,0.5,1
CUST_0998,286977,102,472,0,15,Alpha Collections,0.2,1
CUST_0999,136230,318,626,1,15,Alpha Collections,0.3,1
